,lgbm_ab,catboost,xgboost_light700,three_model_ensemble
lgbm_ab,1.0,0.9756193101111834,0.9433080426414621,0.9920584423452282
catboost,0.9756193101111834,1.0,0.9461870520695936,0.9954757857503539
xgboost_light700,0.9433080426414621,0.9461870520695936,1.0,0.950647069288963
three_model_ensemble,0.9920584423452282,0.9954757857503539,0.950647069288963,1.0
